BGC0000001	Modular type I polyketide
BGC0000002	Polyketide
BGC0000003	Polyketide
BGC0000004	Polyketide
BGC0000005	Polyketide
BGC0000006	Polyketide
BGC0000007	Polyketide
BGC0000008	Polyketide
BGC0000009	Polyketide
BGC0000010	Polyketide
BGC0000011	Polyketide
BGC0000012	Polyketide
BGC0000013	Polyketide
BGC0000014	Polyketide
BGC0000016	Other
BGC0000017	Alkaloid Modular type I polyketide
BGC0000018	Polyketide
BGC0000019	Polyketide
BGC0000020	Polyketide
BGC0000021	Polyketide
BGC0000022	Polyketide
BGC0000023	Modular type I polyketide
BGC0000024	Modular type I polyketide
BGC0000025	Polyketide
BGC0000026	Oligosaccharide
BGC0000027	Iterative type I polyketide
BGC0000028	Modular type I polyketide
BGC0000029	Modular type I polyketide
BGC0000030	Polyketide
BGC0000031	Modular type I polyketide
BGC0000032	Polyketide
BGC0000033	Polyketide
BGC0000034	Polyketide
BGC0000035	Polyketide
BGC0000036	Modular type I polyketide Iterative type I polyketide Oligosaccharide
BGC0000037	Polyketide
BGC0000038	Modular type I polyketide
BGC0000039	Polyketide
BGC0000040	Polyketide
BGC0000041	Polyketide
BGC0000042	Polyketide
BGC0000043	Polyketide
BGC0000044	Polyketide
BGC0000045	Polyketide
BGC0000046	Iterative type I polyketide
BGC0000047	Polyketide
BGC0000048	Polyketide
BGC0000050	Polyketide
BGC0000051	Polyketide
BGC0000052	Polyketide
BGC0000053	Polyketide
BGC0000054	Polyketide
BGC0000055	Modular type I polyketide Hybrid/tailoring saccharide
BGC0000056	Polyketide
BGC0000057	Iterative type I polyketide
BGC0000058	Polyketide
BGC0000059	Polyketide
BGC0000060	Polyketide
BGC0000061	Polyketide
BGC0000062	Polyketide
BGC0000063	Polyketide
BGC0000064	Polyketide
BGC0000065	Iterative type I polyketide
BGC0000066	Polyketide
BGC0000067	Polyketide
BGC0000068	Polyketide
BGC0000069	Polyketide
BGC0000070	Iterative type I polyketide
BGC0000072	Modular type I polyketide
BGC0000073	Polyketide
BGC0000074	Polyketide
BGC0000075	Polyketide
BGC0000076	Polyketide
BGC0000077	Polyketide
BGC0000078	Polyketide
BGC0000079	Polyketide
BGC0000080	Polyketide
BGC0000081	Iterative type I polyketide Enediyne type I polyketide
BGC0000082	Polyketide
BGC0000083	Modular type I polyketide Trans-AT type I polyketide
BGC0000084	Polyketide
BGC0000085	Polyketide
BGC0000086	Polyketide
BGC0000087	Polyketide
BGC0000088	Polyketide
BGC0000090	Polyketide
BGC0000091	Polyketide
BGC0000092	Polyketide
BGC0000093	Polyketide
BGC0000094	Modular type I polyketide Hybrid/tailoring saccharide
BGC0000096	Polyketide
BGC0000097	Modular type I polyketide
BGC0000098	Polyketide
BGC0000099	Polyketide
BGC0000100	Polyketide
BGC0000101	Iterative type I polyketide
BGC0000102	Polyketide
BGC0000103	Polyketide
BGC0000104	Terpene Iterative type I polyketide
BGC0000105	Polyketide
BGC0000106	Polyketide
BGC0000107	Polyketide
BGC0000108	Polyketide
BGC0000109	Polyketide
BGC0000110	Modular type I polyketide
BGC0000111	Polyketide
BGC0000112	Iterative type I polyketide Enediyne type I polyketide
BGC0000113	Polyketide
BGC0000114	Modular type I polyketide
BGC0000115	Modular type I polyketide Hybrid/tailoring saccharide
BGC0000116	Polyketide
BGC0000117	Polyketide
BGC0000118	Polyketide
BGC0000119	Iterative type I polyketide Hybrid/tailoring saccharide
BGC0000120	Iterative type I polyketide
BGC0000121	Polyketide
BGC0000122	Modular type I polyketide
BGC0000123	Polyketide
BGC0000124	Polyketide
BGC0000125	Polyketide
BGC0000126	Polyketide
BGC0000127	Polyketide
BGC0000128	Polyketide
BGC0000129	Polyketide
BGC0000130	Polyketide
BGC0000131	Polyketide
BGC0000132	Polyketide
BGC0000133	Polyketide
BGC0000134	Polyketide
BGC0000135	Polyketide
BGC0000136	Polyketide
BGC0000137	Polyketide
BGC0000138	Polyketide
BGC0000140	Polyketide
BGC0000141	Polyketide
BGC0000142	Polyketide
BGC0000143	Polyketide
BGC0000144	Modular type I polyketide
BGC0000145	Polyketide
BGC0000146	Polyketide
BGC0000147	Modular type I polyketide
BGC0000148	Polyketide
BGC0000149	Modular type I polyketide
BGC0000150	NRP Enediyne type I polyketide
BGC0000151	Modular type I polyketide Hybrid/tailoring saccharide
BGC0000152	Polyketide
BGC0000153	NRP Modular type I polyketide
BGC0000154	Iterative type I polyketide
BGC0000156	Iterative type I polyketide
BGC0000157	Polyketide
BGC0000158	Modular type I polyketide
BGC0000159	Modular type I polyketide
BGC0000160	Polyketide
BGC0000161	Iterative type I polyketide
BGC0000162	Polyketide
BGC0000163	Polyketide
BGC0000164	Polyketide
BGC0000165	Modular type I polyketide
BGC0000166	Polyketide
BGC0000167	Polyketide
BGC0000168	Iterative type I polyketide
BGC0000170	Polyketide
BGC0000171	Modular type I polyketide
BGC0000172	Polyketide
BGC0000173	Modular type I polyketide
BGC0000174	Polyketide
BGC0000175	Trans-AT type I polyketide
BGC0000176	Polyketide NRP
BGC0000177	Modular type I polyketide Trans-AT type I polyketide
BGC0000178	Trans-AT type I polyketide
BGC0000179	Trans-AT type I polyketide
BGC0000180	Trans-AT type I polyketide
BGC0000181	Polyketide
BGC0000182	Iterative type I polyketide Trans-AT type I polyketide
BGC0000184	Trans-AT type I polyketide
BGC0000185	Polyketide
BGC0000186	NRP Modular type I polyketide
BGC0000187	Type II polyketide
BGC0000188	Alkaloid
BGC0000189	Type III polyketide
BGC0000190	Polyketide
BGC0000191	Polyketide
BGC0000192	Polyketide
BGC0000193	Polyketide
BGC0000194	Type II polyketide
BGC0000195	Type II polyketide
BGC0000196	Type II polyketide
BGC0000197	Type II polyketide Hybrid/tailoring saccharide
BGC0000198	Type II polyketide Hybrid/tailoring saccharide
BGC0000199	Type II polyketide Hybrid/tailoring saccharide
BGC0000200	Type II polyketide Hybrid/tailoring saccharide
BGC0000201	Type II polyketide Hybrid/tailoring saccharide
BGC0000202	Polyketide
BGC0000203	Polyketide
BGC0000204	Type II polyketide
BGC0000205	Polyketide
BGC0000207	Polyketide
BGC0000208	Polyketide
BGC0000209	Polyketide
BGC0000210	Type II polyketide Oligosaccharide
BGC0000211	Polyketide
BGC0000212	Type II polyketide
BGC0000213	Type II polyketide
BGC0000214	Polyketide
BGC0000215	Polyketide
BGC0000216	Polyketide
BGC0000217	Polyketide
BGC0000218	Polyketide
BGC0000219	Type II polyketide Hybrid/tailoring saccharide
BGC0000220	Type II polyketide
BGC0000221	Polyketide
BGC0000222	Polyketide
BGC0000223	Type II polyketide
BGC0000224	Type II polyketide
BGC0000225	Polyketide
BGC0000226	Polyketide
BGC0000227	Type II polyketide
BGC0000228	Polyketide
BGC0000229	Type II polyketide Hybrid/tailoring saccharide
BGC0000230	Type II polyketide
BGC0000231	Polyketide
BGC0000232	Polyketide
BGC0000233	Polyketide
BGC0000234	Polyketide
BGC0000235	Polyketide
BGC0000236	Polyketide
BGC0000237	Polyketide
BGC0000238	Polyketide
BGC0000239	Type II polyketide Hybrid/tailoring saccharide
BGC0000240	Type II polyketide Hybrid/tailoring saccharide
BGC0000241	Type II polyketide Hybrid/tailoring saccharide
BGC0000242	Polyketide
BGC0000243	Polyketide
BGC0000244	Polyketide
BGC0000245	Polyketide
BGC0000246	Polyketide
BGC0000247	Type II polyketide Oligosaccharide
BGC0000248	Polyketide
BGC0000249	Polyketide
BGC0000252	Polyketide
BGC0000253	Type II polyketide
BGC0000254	Polyketide
BGC0000255	Polyketide
BGC0000256	Polyketide
BGC0000257	Polyketide
BGC0000258	Polyketide
BGC0000259	Polyketide
BGC0000260	Polyketide
BGC0000261	Polyketide
BGC0000262	Type II polyketide Hybrid/tailoring saccharide
BGC0000263	Polyketide
BGC0000264	Type II polyketide
BGC0000265	Polyketide
BGC0000266	Polyketide
BGC0000267	Oligosaccharide Type II polyketide
BGC0000268	Polyketide
BGC0000269	Type II polyketide Hybrid/tailoring saccharide
BGC0000270	Polyketide
BGC0000271	Polyketide
BGC0000272	Polyketide
BGC0000273	Type II polyketide Hybrid/tailoring saccharide
BGC0000274	Type II polyketide
BGC0000275	Type II polyketide
BGC0000277	Polyketide
BGC0000278	Polyketide
BGC0000279	Polyketide
BGC0000280	Polyketide
BGC0000281	Polyketide
BGC0000282	Polyketide
BGC0000283	Cyclitol
BGC0000284	Polyketide
BGC0000285	Type III polyketide Oligosaccharide
BGC0000286	Polyketide
BGC0000287	NRP
BGC0000288	NRP
BGC0000289	Glycopeptide Hybrid/tailoring saccharide
BGC0000290	Glycopeptide
BGC0000291	NRP
BGC0000292	NRP
BGC0000293	NRP
BGC0000294	NRP
BGC0000295	NRP
BGC0000296	NRP
BGC0000297	Glycopeptide Other polyketide Hybrid/tailoring saccharide
BGC0000298	NRP
BGC0000299	NRP
BGC0000300	NRP
BGC0000301	NRP
BGC0000302	NRP
BGC0000303	NRP
BGC0000304	NRP
BGC0000305	Lipopeptide
BGC0000306	Lipopeptide
BGC0000307	NRP
BGC0000308	NRP
BGC0000309	NRP
BGC0000310	NRP
BGC0000311	NRP
BGC0000312	NRP
BGC0000313	NRP
BGC0000314	Polyketide Cyclic depsipeptide Aminocoumarin
BGC0000315	Ca+-dependent lipopeptide
BGC0000316	NRP
BGC0000317	NRP
BGC0000319	Beta-lactam
BGC0000320	Cyclic depsipeptide
BGC0000321	NRP
BGC0000323	Lipopeptide
BGC0000324	NRP
BGC0000325	NRP
BGC0000326	NRP
BGC0000327	NRP
BGC0000328	NRP
BGC0000329	NRP
BGC0000330	NRP siderophore
BGC0000331	NRP
BGC0000332	NRP
BGC0000333	NRP
BGC0000334	NRP
BGC0000335	NRP
BGC0000336	NRP
BGC0000337	NRP
BGC0000339	NRP
BGC0000340	NRP
BGC0000341	NRP
BGC0000342	NRP
BGC0000343	NRP
BGC0000344	NRP
BGC0000345	NRP Modular type I polyketide
BGC0000346	NRP Modular type I polyketide
BGC0000347	NRP
BGC0000348	NRP
BGC0000349	NRP
BGC0000350	Beta-lactam
BGC0000351	NRP
BGC0000352	NRP siderophore
BGC0000353	NRP
BGC0000354	NRP
BGC0000355	NRP
BGC0000356	NRP Alkaloid
BGC0000357	Cyclic depsipeptide
BGC0000359	NRP
BGC0000360	NRP
BGC0000361	NRP
BGC0000362	NRP
BGC0000363	NRP
BGC0000364	NRP
BGC0000365	NRP
BGC0000366	NRP
BGC0000367	NRP
BGC0000368	NRP
BGC0000369	NRP Hybrid/tailoring saccharide
BGC0000371	NRP
BGC0000372	NRP
BGC0000373	NRP
BGC0000374	Cyclic depsipeptide
BGC0000375	NRP
BGC0000376	NRP
BGC0000377	NRP
BGC0000378	NRP
BGC0000379	NRP
BGC0000380	NRP Modular type I polyketide
BGC0000381	NRP
BGC0000382	NRP
BGC0000383	NRP Modular type I polyketide
BGC0000384	NRP
BGC0000385	NRP
BGC0000386	NRP siderophore
BGC0000387	NRP
BGC0000388	NRP
BGC0000389	Cyclic depsipeptide
BGC0000391	NRP
BGC0000392	NRP
BGC0000393	NRP Modular type I polyketide
BGC0000394	NRP
BGC0000395	NRP
BGC0000396	NRP
BGC0000397	NRP
BGC0000398	Cyclic depsipeptide
BGC0000399	Cyclic depsipeptide
BGC0000400	NRP
BGC0000401	NRP
BGC0000402	NRP
BGC0000403	NRP
BGC0000404	NRP
BGC0000405	Beta-lactam
BGC0000406	NRP
BGC0000407	NRP
BGC0000408	NRP
BGC0000409	NRP
BGC0000410	NRP
BGC0000411	NRP
BGC0000412	NRP
BGC0000413	NRP
BGC0000414	NRP
BGC0000415	NRP
BGC0000416	NRP
BGC0000417	NRP
BGC0000418	NRP
BGC0000419	Saccharide Glycopeptide
BGC0000420	NRP
BGC0000421	NRP
BGC0000422	NRP
BGC0000423	NRP
BGC0000424	NRP siderophore
BGC0000425	Cyclic depsipeptide
BGC0000426	NRP
BGC0000427	NRP
BGC0000428	NRP
BGC0000429	Polyketide Cyclic depsipeptide
BGC0000430	NRP Modular type I polyketide
BGC0000431	Cyclic depsipeptide
BGC0000432	NRP
BGC0000433	Lipopeptide
BGC0000434	NRP
BGC0000435	NRP
BGC0000436	NRP
BGC0000437	NRP
BGC0000438	NRP
BGC0000439	Ca+-dependent lipopeptide
BGC0000440	Glycopeptide
BGC0000441	NRP
BGC0000442	NRP
BGC0000443	Beta-lactam
BGC0000444	NRP
BGC0000445	Cyclic depsipeptide
BGC0000446	Pyrrolobenzodiazepine
BGC0000447	Lipopeptide
BGC0000448	NRP
BGC0000449	NRP
BGC0000450	NRP
BGC0000451	NRP
BGC0000452	NRP
BGC0000453	Cyclic depsipeptide
BGC0000454	NRP
BGC0000455	NRP
BGC0000457	NRP
BGC0000458	NRP
BGC0000459	Cyclic depsipeptide Trans-AT type I polyketide
BGC0000460	NRP
BGC0000461	NRP
BGC0000463	Lipopeptide
BGC0000464	Cyclic depsipeptide
BGC0000465	NRP
BGC0000466	NRP
BGC0000467	NRP
BGC0000468	Bottromycin
BGC0000469	Bottromycin
BGC0000470	Cyanobactin
BGC0000471	Cyanobactin
BGC0000472	Cyanobactin
BGC0000473	Cyanobactin
BGC0000474	Cyanobactin
BGC0000475	Cyanobactin
BGC0000476	Cyanobactin
BGC0000477	Cyanobactin
BGC0000478	Cyanobactin
BGC0000479	Lanthipeptide
BGC0000480	Cyanobactin
BGC0000481	Cyanobactin
BGC0000482	Cyanobactin
BGC0000483	Cyanobactin
BGC0000484	Head-to-tail cyclized peptide
BGC0000485	Head-to-tail cyclized peptide
BGC0000486	Head-to-tail cyclized peptide
BGC0000487	Head-to-tail cyclized peptide
BGC0000488	Head-to-tail cyclized peptide
BGC0000489	Head-to-tail cyclized peptide
BGC0000490	Head-to-tail cyclized peptide
BGC0000491	Head-to-tail cyclized peptide
BGC0000492	Head-to-tail cyclized peptide
BGC0000493	Head-to-tail cyclized peptide
BGC0000494	Lanthipeptide
BGC0000495	Lanthipeptide
BGC0000496	Lanthipeptide
BGC0000497	Lanthipeptide
BGC0000498	Lanthipeptide
BGC0000499	Lanthipeptide
BGC0000500	Lanthipeptide
BGC0000501	Lanthipeptide
BGC0000502	Lanthipeptide
BGC0000503	Lanthipeptide
BGC0000504	Lanthipeptide
BGC0000505	Lanthipeptide
BGC0000506	Lanthipeptide
BGC0000507	Lanthipeptide
BGC0000508	Lanthipeptide
BGC0000509	Lanthipeptide
BGC0000510	Lanthipeptide
BGC0000511	Lanthipeptide
BGC0000513	Lanthipeptide
BGC0000514	Lanthipeptide
BGC0000515	Lanthipeptide
BGC0000516	Lanthipeptide
BGC0000517	Lanthipeptide
BGC0000518	Lanthipeptide
BGC0000519	Lanthipeptide
BGC0000520	Lanthipeptide
BGC0000521	Lanthipeptide
BGC0000522	Lanthipeptide
BGC0000523	Lanthipeptide
BGC0000525	Lanthipeptide
BGC0000526	Lanthipeptide
BGC0000527	Lanthipeptide
BGC0000528	Lanthipeptide
BGC0000529	Lanthipeptide
BGC0000530	Lanthipeptide
BGC0000531	Lanthipeptide
BGC0000532	Lanthipeptide
BGC0000533	Lanthipeptide
BGC0000534	Lanthipeptide
BGC0000535	Lanthipeptide
BGC0000536	Lanthipeptide
BGC0000537	Lanthipeptide
BGC0000538	Lanthipeptide
BGC0000539	Lanthipeptide
BGC0000540	Lanthipeptide
BGC0000541	Lanthipeptide
BGC0000542	Lanthipeptide
BGC0000543	Lanthipeptide
BGC0000544	Lanthipeptide
BGC0000545	Lanthipeptide
BGC0000546	Lanthipeptide
BGC0000547	Lanthipeptide
BGC0000548	Lanthipeptide
BGC0000549	Lanthipeptide
BGC0000550	Lanthipeptide
BGC0000551	Lanthipeptide
BGC0000552	Lanthipeptide
BGC0000553	Lanthipeptide
BGC0000554	Lanthipeptide
BGC0000555	Lanthipeptide
BGC0000556	Lanthipeptide
BGC0000557	Lanthipeptide
BGC0000558	Lanthipeptide
BGC0000559	Lanthipeptide
BGC0000560	Lanthipeptide
BGC0000561	Lanthipeptide
BGC0000562	Lanthipeptide
BGC0000563	Lanthipeptide
BGC0000564	LAP
BGC0000565	LAP
BGC0000566	LAP
BGC0000567	LAP
BGC0000568	LAP
BGC0000569	LAP
BGC0000570	Lassopeptide
BGC0000571	Lassopeptide
BGC0000572	Lassopeptide
BGC0000573	Lassopeptide
BGC0000574	Lassopeptide
BGC0000575	Lassopeptide
BGC0000576	Lassopeptide
BGC0000577	Lassopeptide
BGC0000578	Lassopeptide
BGC0000579	Lanthipeptide
BGC0000580	RiPP
BGC0000581	Linaridin
BGC0000582	Linaridin
BGC0000583	Linaridin
BGC0000584	Microcin
BGC0000585	Microcin
BGC0000586	Microcin
BGC0000587	Microcin
BGC0000588	Microcin
BGC0000589	Microcin
BGC0000590	Microviridin
BGC0000591	Microviridin
BGC0000592	Microviridin
BGC0000593	Microviridin
BGC0000594	RiPP
BGC0000595	RiPP
BGC0000596	RiPP
BGC0000597	Proteusin
BGC0000598	Proteusin
BGC0000599	Sactipeptide
BGC0000600	RiPP
BGC0000601	Head-to-tail cyclized peptide
BGC0000602	Thiopeptide
BGC0000603	Thiopeptide
BGC0000604	Thiopeptide
BGC0000605	Thiopeptide
BGC0000606	Thiopeptide
BGC0000607	Thiopeptide
BGC0000608	Thiopeptide
BGC0000609	Thiopeptide
BGC0000610	Thiopeptide
BGC0000611	Thiopeptide
BGC0000612	Thiopeptide
BGC0000613	Thiopeptide
BGC0000614	Thiopeptide
BGC0000615	Thiopeptide
BGC0000616	Head-to-tail cyclized peptide
BGC0000617	RiPP
BGC0000618	RiPP
BGC0000619	RiPP
BGC0000620	RiPP
BGC0000621	RiPP
BGC0000622	RiPP
BGC0000623	RiPP
BGC0000624	RiPP
BGC0000625	RiPP
BGC0000626	RiPP
BGC0000627	Thiopeptide
BGC0000628	Thiopeptide
BGC0000630	Terpene
BGC0000631	Terpene
BGC0000632	Terpene Saccharide
BGC0000633	Terpene
BGC0000634	Terpene
BGC0000635	Terpene
BGC0000636	Terpene
BGC0000637	Terpene
BGC0000638	Terpene
BGC0000639	Terpene
BGC0000640	Terpene
BGC0000641	Terpene
BGC0000642	Terpene
BGC0000643	Terpene
BGC0000644	Terpene
BGC0000645	Terpene
BGC0000646	Terpene
BGC0000647	Terpene
BGC0000648	Terpene
BGC0000649	Terpene
BGC0000650	Terpene
BGC0000651	Terpene
BGC0000652	Terpene
BGC0000653	Terpene
BGC0000654	Terpene Hybrid/tailoring saccharide
BGC0000655	Terpene
BGC0000656	Terpene
BGC0000657	Terpene
BGC0000658	Terpene
BGC0000659	Terpene
BGC0000660	Terpene
BGC0000661	Terpene
BGC0000662	Terpene
BGC0000663	Terpene
BGC0000664	Terpene
BGC0000665	Terpene Alkaloid
BGC0000666	Terpene
BGC0000667	Terpene
BGC0000668	Terpene Alkaloid
BGC0000669	Terpene
BGC0000670	Terpene
BGC0000671	Terpene
BGC0000672	Terpene
BGC0000673	Terpene
BGC0000674	Terpene
BGC0000675	Terpene
BGC0000676	Terpene
BGC0000677	Terpene
BGC0000678	Terpene
BGC0000679	Terpene
BGC0000682	Terpene
BGC0000683	Terpene
BGC0000684	Terpene
BGC0000685	Terpene
BGC0000686	Terpene
BGC0000687	Terpene
BGC0000688	Terpene
BGC0000689	Saccharide
BGC0000690	Saccharide
BGC0000691	Saccharide
BGC0000692	Saccharide
BGC0000693	Saccharide
BGC0000694	Saccharide
BGC0000695	Saccharide
BGC0000696	Saccharide
BGC0000698	Saccharide
BGC0000699	Saccharide
BGC0000700	Saccharide
BGC0000701	Saccharide
BGC0000702	Saccharide
BGC0000703	Saccharide
BGC0000704	Saccharide
BGC0000705	Saccharide
BGC0000706	Saccharide
BGC0000707	Saccharide
BGC0000708	Saccharide
BGC0000709	Saccharide
BGC0000711	Saccharide
BGC0000712	Saccharide
BGC0000713	Saccharide
BGC0000714	Saccharide
BGC0000715	Saccharide
BGC0000716	Saccharide
BGC0000719	Saccharide
BGC0000720	Saccharide
BGC0000721	Saccharide
BGC0000722	Polyketide Cyclitol
BGC0000723	Saccharide
BGC0000724	Saccharide
BGC0000725	Saccharide
BGC0000727	Saccharide
BGC0000728	Saccharide
BGC0000729	Saccharide
BGC0000730	Saccharide
BGC0000731	Saccharide
BGC0000732	Saccharide
BGC0000733	Saccharide
BGC0000734	Saccharide
BGC0000735	Saccharide
BGC0000736	Saccharide
BGC0000737	Saccharide
BGC0000738	Saccharide
BGC0000739	Saccharide
BGC0000740	Saccharide
BGC0000741	Saccharide
BGC0000742	Saccharide
BGC0000743	Saccharide
BGC0000744	Saccharide
BGC0000745	Saccharide
BGC0000746	Saccharide
BGC0000747	Saccharide
BGC0000748	Saccharide
BGC0000749	Saccharide
BGC0000751	Saccharide
BGC0000752	Saccharide
BGC0000753	Saccharide
BGC0000754	Saccharide
BGC0000755	Saccharide
BGC0000756	Saccharide
BGC0000757	Saccharide
BGC0000758	Exopolysaccharide
BGC0000759	Saccharide
BGC0000760	Saccharide
BGC0000761	Saccharide
BGC0000762	Saccharide
BGC0000763	Saccharide
BGC0000764	Saccharide
BGC0000765	Saccharide
BGC0000766	Saccharide
BGC0000767	Saccharide
BGC0000768	Saccharide
BGC0000769	Saccharide
BGC0000770	Saccharide
BGC0000772	Saccharide
BGC0000773	Saccharide
BGC0000774	Lipopolysaccharide
BGC0000775	Saccharide
BGC0000776	Saccharide
BGC0000777	Saccharide
BGC0000778	Saccharide
BGC0000779	Saccharide
BGC0000780	Saccharide
BGC0000781	Saccharide
BGC0000782	Saccharide
BGC0000783	Saccharide
BGC0000784	Saccharide
BGC0000785	Saccharide
BGC0000786	Saccharide
BGC0000787	Saccharide
BGC0000788	Saccharide
BGC0000789	Saccharide
BGC0000790	Saccharide
BGC0000791	Saccharide
BGC0000792	Saccharide
BGC0000793	Saccharide
BGC0000794	Saccharide
BGC0000795	Saccharide
BGC0000796	Saccharide
BGC0000797	Saccharide
BGC0000798	Saccharide
BGC0000799	Saccharide
BGC0000800	Saccharide
BGC0000801	Saccharide
BGC0000802	Saccharide
BGC0000803	Saccharide
BGC0000804	Saccharide
BGC0000805	Saccharide
BGC0000806	Saccharide
BGC0000807	Saccharide
BGC0000809	Alkaloid
BGC0000810	Alkaloid
BGC0000811	Alkaloid
BGC0000812	Alkaloid
BGC0000813	Alkaloid
BGC0000814	Alkaloid
BGC0000815	Alkaloid
BGC0000816	NRP Alkaloid
BGC0000817	Alkaloid
BGC0000818	NRP
BGC0000819	NRP Alkaloid
BGC0000820	Alkaloid
BGC0000821	Aminocoumarin
BGC0000822	Alkaloid
BGC0000823	Alkaloid
BGC0000825	Alkaloid
BGC0000826	Alkaloid
BGC0000827	Alkaloid
BGC0000829	Alkaloid
BGC0000830	Aminocoumarin
BGC0000831	Alkaloid
BGC0000832	Hybrid/tailoring saccharide Aminocoumarin
BGC0000833	Hybrid/tailoring saccharide Aminocoumarin
BGC0000834	Hybrid/tailoring saccharide Aminocoumarin
BGC0000835	Polyketide
BGC0000836	Other
BGC0000837	Other
BGC0000838	Polyketide
BGC0000839	Other
BGC0000840	Other
BGC0000841	Non-NRP beta-lactam
BGC0000842	Non-NRP beta-lactam
BGC0000843	Non-NRP beta-lactam
BGC0000844	Other
BGC0000845	Non-NRP beta-lactam
BGC0000846	Other
BGC0000847	Non-NRP beta-lactam
BGC0000848	Other
BGC0000849	Butyrolactone
BGC0000850	Other
BGC0000851	Other
BGC0000852	Other
BGC0000853	Other
BGC0000854	Other
BGC0000855	Other
BGC0000856	Other
BGC0000857	Other
BGC0000858	Other
BGC0000859	Other
BGC0000860	Other
BGC0000861	Other
BGC0000862	Other
BGC0000863	Other
BGC0000864	Other
BGC0000865	Other
BGC0000866	Other
BGC0000867	Other
BGC0000868	Other
BGC0000869	Other
BGC0000870	Other
BGC0000871	Nucleoside
BGC0000872	Other
BGC0000873	Other
BGC0000874	Other
BGC0000876	Other
BGC0000877	Other
BGC0000878	Other
BGC0000879	Other
BGC0000880	Nucleoside
BGC0000881	Other
BGC0000882	Other
BGC0000883	Other
BGC0000884	Other
BGC0000885	Other
BGC0000886	Other
BGC0000887	Alkaloid
BGC0000888	Other
BGC0000889	Other
BGC0000890	Aminocoumarin
BGC0000891	Aminocoumarin
BGC0000892	Other
BGC0000893	NRP
BGC0000894	Other
BGC0000895	Other
BGC0000896	Other
BGC0000897	Other
BGC0000898	Hybrid/tailoring saccharide
BGC0000899	Other
BGC0000900	Other
BGC0000901	Other
BGC0000902	Other
BGC0000903	Other
BGC0000904	Other
BGC0000905	Other
BGC0000906	Other
BGC0000907	Other
BGC0000908	Other
BGC0000909	Other
BGC0000910	Other
BGC0000911	Other
BGC0000912	Other
BGC0000913	Other
BGC0000914	Other
BGC0000915	Aminocoumarin
BGC0000916	Other
BGC0000917	Other
BGC0000918	Other
BGC0000919	Other
BGC0000920	Other
BGC0000921	Polyketide NRP Shikimate-derived
BGC0000922	Other
BGC0000923	Other
BGC0000924	Other
BGC0000925	Other
BGC0000926	Other
BGC0000928	Other
BGC0000929	Other
BGC0000930	Other
BGC0000932	Other
BGC0000933	Other
BGC0000934	Phenazine
BGC0000935	Polyketide Aminocoumarin
BGC0000936	Other
BGC0000937	Other
BGC0000938	Aminocoumarin
BGC0000939	Other
BGC0000940	Other
BGC0000941	Other
BGC0000942	Other
BGC0000943	Other
BGC0000944	Non-NRP siderophore
BGC0000946	Other
BGC0000947	Other
BGC0000948	Other
BGC0000949	NRP
BGC0000950	Uridylpeptide Nucleoside
BGC0000951	NRP
BGC0000953	Aminoglycoside
BGC0000954	NRP Modular type I polyketide
BGC0000955	NRP Modular type I polyketide
BGC0000956	Beta-lactam Type II polyketide
BGC0000957	NRP Polyketide
BGC0000958	Cyclic depsipeptide Modular type I polyketide
BGC0000959	NRP Iterative type I polyketide
BGC0000960	NRP Polyketide
BGC0000961	NRP Polyketide
BGC0000962	NRP Modular type I polyketide
BGC0000963	Glycopeptide Modular type I polyketide Hybrid/tailoring saccharide
BGC0000964	Cyclic depsipeptide Trans-AT type I polyketide
BGC0000965	Iterative type I polyketide Enediyne type I polyketide
BGC0000966	NRP Polyketide
BGC0000967	NRP Trans-AT type I polyketide
BGC0000968	NRP Iterative type I polyketide
BGC0000969	Cyclic depsipeptide Modular type I polyketide
BGC0000970	NRP Modular type I polyketide
BGC0000971	NRP Modular type I polyketide
BGC0000972	NRP Modular type I polyketide Trans-AT type I polyketide
BGC0000973	NRP Modular type I polyketide
BGC0000974	NRP Polyketide
BGC0000975	NRP Polyketide
BGC0000976	NRP Modular type I polyketide
BGC0000977	NRP Polyketide
BGC0000978	NRP Alkaloid
BGC0000979	NRP Polyketide
BGC0000980	NRP Polyketide
BGC0000981	NRP Polyketide
BGC0000982	NRP Polyketide
BGC0000983	NRP Iterative type I polyketide
BGC0000984	NRP Polyketide
BGC0000985	Polyketide Cyclic depsipeptide
BGC0000986	NRP Polyketide
BGC0000988	NRP Polyketide
BGC0000989	NRP Polyketide
BGC0000990	NRP Polyketide
BGC0000991	NRP Polyketide
BGC0000992	NRP Polyketide
BGC0000993	Cyclic depsipeptide Modular type I polyketide
BGC0000994	NRP Polyketide
BGC0000995	NRP Polyketide
BGC0000996	NRP Iterative type I polyketide
BGC0000997	NRP Polyketide
BGC0000998	NRP Polyketide
BGC0000999	NRP Polyketide
BGC0001000	Lipopeptide Modular type I polyketide
BGC0001001	NRP Polyketide
BGC0001002	NRP Polyketide
BGC0001003	Lipopeptide Modular type I polyketide Hybrid/tailoring saccharide
BGC0001004	Modular type I polyketide
BGC0001005	NRP Polyketide
BGC0001006	NRP Polyketide
BGC0001007	Polyketide NRP
BGC0001008	Iterative type I polyketide Enediyne type I polyketide
BGC0001009	NRP Polyketide
BGC0001010	NRP Modular type I polyketide
BGC0001011	NRP Polyketide
BGC0001012	NRP Polyketide
BGC0001013	NRP Polyketide
BGC0001014	NRP siderophore Modular type I polyketide Iterative type I polyketide
BGC0001015	NRP Polyketide
BGC0001016	NRP Polyketide
BGC0001017	NRP Modular type I polyketide
BGC0001018	NRP Polyketide
BGC0001019	NRP Modular type I polyketide
BGC0001020	NRP Polyketide
BGC0001021	NRP Polyketide
BGC0001022	NRP Polyketide
BGC0001023	NRP Modular type I polyketide
BGC0001024	NRP Modular type I polyketide
BGC0001025	NRP Trans-AT type I polyketide
BGC0001026	NRP Polyketide
BGC0001027	NRP Polyketide
BGC0001028	Polyketide Cyclic depsipeptide
BGC0001029	NRP Polyketide
BGC0001030	NRP Polyketide
BGC0001031	NRP Polyketide
BGC0001032	NRP Polyketide
BGC0001033	NRP Polyketide
BGC0001034	NRP Modular type I polyketide
BGC0001035	Polyketide NRP Aminocoumarin
BGC0001036	Polyketide NRP
BGC0001037	NRP Iterative type I polyketide
BGC0001038	NRP Modular type I polyketide
BGC0001039	NRP Polyketide
BGC0001040	NRP Polyketide
BGC0001041	NRP Polyketide
BGC0001042	NRP Polyketide
BGC0001043	NRP Polyketide
BGC0001044	NRP Polyketide
BGC0001045	Cyclic depsipeptide Modular type I polyketide
BGC0001046	NRP Modular type I polyketide Hybrid/tailoring saccharide
BGC0001047	NRP Polyketide
BGC0001048	Glycopeptide Modular type I polyketide Hybrid/tailoring saccharide
BGC0001049	NRP Iterative type I polyketide
BGC0001050	Lipopeptide Trans-AT type I polyketide
BGC0001051	NRP Modular type I polyketide
BGC0001052	NRP Modular type I polyketide
BGC0001053	NRP Polyketide
BGC0001054	NRP Modular type I polyketide
BGC0001055	NRP Polyketide
BGC0001056	NRP Modular type I polyketide PUFA synthase or related polyketide
BGC0001057	NRP Polyketide
BGC0001058	Glycopeptide Modular type I polyketide Hybrid/tailoring saccharide
BGC0001059	NRP Polyketide
BGC0001060	Polyketide
BGC0001061	Iterative type I polyketide Type II polyketide Hybrid/tailoring saccharide
BGC0001062	Polyketide
BGC0001063	NRP Polyketide
BGC0001064	Modular type I polyketide Type III polyketide
BGC0001065	Polyketide
BGC0001066	Modular type I polyketide
BGC0001067	Terpene Iterative type I polyketide
BGC0001068	Terpene Polyketide
BGC0001069	NRP Trans-AT type I polyketide
BGC0001070	NRP Modular type I polyketide Trans-AT type I polyketide
BGC0001071	NRP Modular type I polyketide Trans-AT type I polyketide
BGC0001072	Saccharide Modular type I polyketide Type II polyketide Aminocoumarin
BGC0001073	NRP Polyketide
BGC0001074	Saccharide Polyketide
BGC0001075	Terpene Polyketide
BGC0001076	Nucleoside
BGC0001077	Terpene Polyketide
BGC0001078	Terpene Polyketide
BGC0001079	Terpene Type III polyketide
BGC0001080	Phenazine
BGC0001082	Terpene
BGC0001083	Terpene Type III polyketide
BGC0001084	NRP Terpene Alkaloid
BGC0001085	NRP Terpene
BGC0001088	NRP Polyketide
BGC0001089	Polyketide NRP
BGC0001090	Polyketide Lipopeptide
BGC0001091	NRP Polyketide
BGC0001093	NRP Polyketide
BGC0001094	NRP Polyketide
BGC0001095	NRP
BGC0001096	NRP Polyketide
BGC0001098	NRP Polyketide
BGC0001099	NRP Modular type I polyketide Trans-AT type I polyketide
BGC0001100	NRP Polyketide
BGC0001101	NRP Modular type I polyketide Trans-AT type I polyketide
BGC0001102	Beta-lactam Modular type I polyketide
BGC0001103	NRP Polyketide
BGC0001104	NRP Polyketide
BGC0001105	NRP Trans-AT type I polyketide
BGC0001106	NRP Polyketide
BGC0001108	Trans-AT type I polyketide
BGC0001109	NRP Polyketide
BGC0001110	NRP Trans-AT type I polyketide
BGC0001111	NRP Trans-AT type I polyketide
BGC0001112	NRP Trans-AT type I polyketide
BGC0001113	NRP Polyketide
BGC0001114	NRP Polyketide
BGC0001115	NRP Polyketide
BGC0001116	NRP Polyketide
BGC0001117	NRP
BGC0001118	Iterative type I polyketide
BGC0001119	Modular type I polyketide
BGC0001120	NRP Modular type I polyketide
BGC0001122	NRP Iterative type I polyketide
BGC0001123	NRP
BGC0001124	Polyketide
BGC0001125	NRP Polyketide
BGC0001126	Terpene Alkaloid
BGC0001127	NRP
BGC0001128	NRP
BGC0001130	NRP Polyketide
BGC0001131	NRP
BGC0001132	NRP
BGC0001133	NRP
BGC0001134	Other
BGC0001135	NRP
BGC0001136	NRP Iterative type I polyketide
BGC0001137	Alkaloid
BGC0001138	Nucleoside
BGC0001140	Terpene
BGC0001141	Iterative type I polyketide
BGC0001142	NRP
BGC0001143	Polyketide
BGC0001144	Polyketide
BGC0001145	Thiopeptide
BGC0001146	Thiopeptide
BGC0001148	NRP RiPP
BGC0001149	Lipopeptide Hybrid/tailoring saccharide
BGC0001150	Type II polyketide Type III polyketide
BGC0001151	Non-NRP beta-lactam
BGC0001152	Polyketide Lipopeptide
BGC0001153	Lipopeptide
BGC0001154	Other
BGC0001155	Thiopeptide
BGC0001156	Terpene
BGC0001157	Bottromycin
BGC0001159	NRP Modular type I polyketide
BGC0001160	Modular type I polyketide
BGC0001161	Modular type I polyketide
BGC0001162	Modular type I polyketide
BGC0001163	Modular type I polyketide
BGC0001164	Modular type I polyketide
BGC0001165	NRP Modular type I polyketide
BGC0001166	NRP
BGC0001167	RiPP
BGC0001168	NRP
BGC0001169	Modular type I polyketide
BGC0001170	LAP
BGC0001171	LAP
BGC0001172	NRP Modular type I polyketide
BGC0001173	LAP
BGC0001174	LAP
BGC0001176	Lassopeptide
BGC0001177	Type II polyketide
BGC0001178	Glycopeptide
BGC0001179	Type II polyketide
BGC0001181	Terpene
BGC0001182	NRP Iterative type I polyketide
BGC0001183	Polyketide
BGC0001184	Other
BGC0001185	NRP siderophore
BGC0001186	Polyketide
BGC0001187	Lipopeptide Iterative type I polyketide
BGC0001188	RiPP
BGC0001189	NRP
BGC0001190	Polyketide
BGC0001191	Other
BGC0001192	NRP
BGC0001193	NRP
BGC0001194	Polyketide
BGC0001195	NRP Polyketide
BGC0001196	NRP
BGC0001197	Polyketide
BGC0001198	Terpene
BGC0001199	Polyketide
BGC0001200	Polyketide
BGC0001201	Terpene
BGC0001202	NRP Polyketide
BGC0001203	NRP Polyketide
BGC0001204	Polyketide
BGC0001205	Polyketide
BGC0001206	Other
BGC0001207	NRP
BGC0001209	RiPP
BGC0001210	RiPP
BGC0001211	NRP
BGC0001212	NRP Polyketide
BGC0001213	Polyketide
BGC0001214	NRP
BGC0001215	NRP
BGC0001216	NRP Polyketide
BGC0001217	Other
BGC0001218	NRP Polyketide
BGC0001219	Polyketide
BGC0001220	NRP
BGC0001221	Phenazine
BGC0001222	RiPP
BGC0001223	Other
BGC0001224	Other
BGC0001225	NRP
BGC0001227	Terpene
BGC0001228	Cyclic depsipeptide
BGC0001229	Lanthipeptide
BGC0001230	Cyclic depsipeptide Modular type I polyketide
BGC0001231	NRP Modular type I polyketide
BGC0001233	NRP
BGC0001235	NRP Polyketide
BGC0001236	Polyketide
BGC0001237	Polyketide
BGC0001238	Other
BGC0001239	Other
BGC0001240	NRP
BGC0001241	Terpene
BGC0001242	Polyketide
BGC0001244	Polyketide
BGC0001245	Polyketide
BGC0001246	Polyketide
BGC0001248	Terpene
BGC0001249	NRP
BGC0001250	NRP
BGC0001251	NRP
BGC0001252	Polyketide
BGC0001254	Polyketide
BGC0001255	NRP Polyketide
BGC0001257	Polyketide
BGC0001258	Polyketide
BGC0001260	Terpene
BGC0001261	NRP
BGC0001262	Polyketide
BGC0001264	Polyketide
BGC0001265	Polyketide
BGC0001266	Polyketide
BGC0001267	Terpene
BGC0001268	NRP Polyketide
BGC0001273	Polyketide
BGC0001275	Polyketide
BGC0001276	Polyketide
BGC0001277	Terpene
BGC0001278	Terpene
BGC0001280	Polyketide
BGC0001281	Polyketide
BGC0001283	Polyketide
BGC0001284	Terpene
BGC0001285	Fatty acid
BGC0001286	Other
BGC0001287	Polyketide
BGC0001288	Polyketide
BGC0001289	RiPP
BGC0001290	NRP
BGC0001291	RiPP
BGC0001292	Other
BGC0001293	Polyketide
BGC0001294	Other
BGC0001295	Other
BGC0001296	Polyketide
BGC0001297	NRP
BGC0001298	Polyketide
BGC0001299	Polyketide
BGC0001300	Polyketide
BGC0001301	Polyketide
BGC0001302	Other
BGC0001303	Polyketide
BGC0001304	Polyketide
BGC0001305	Polyketide
BGC0001306	RiPP
BGC0001307	RiPP
BGC0001310	Terpene
BGC0001311	Lanthipeptide
BGC0001312	NRP
BGC0001313	Terpene
BGC0001314	Terpene
BGC0001315	Terpene
BGC0001316	Other
BGC0001317	Terpene
BGC0001318	Other
BGC0001321	Terpene
BGC0001322	Terpene
BGC0001323	Terpene
BGC0001324	Terpene
BGC0001325	Alkaloid
BGC0001327	Cyclic depsipeptide Modular type I polyketide
BGC0001328	Cyclic depsipeptide Modular type I polyketide
BGC0001329	Polyketide Cyclic depsipeptide
BGC0001330	Cyclic depsipeptide Modular type I polyketide
BGC0001331	Cyclic depsipeptide Modular type I polyketide
BGC0001332	NRP Polyketide
BGC0001333	Alkaloid
BGC0001334	Alkaloid
BGC0001335	Alkaloid
BGC0001336	Alkaloid
BGC0001337	Alkaloid
BGC0001338	Iterative type I polyketide
BGC0001339	Iterative type I polyketide
BGC0001340	Iterative type I polyketide
BGC0001341	NRP
BGC0001342	NRP Polyketide
BGC0001343	Polyketide
BGC0001344	NRP Polyketide
BGC0001345	NRP
BGC0001346	Cyclic depsipeptide
BGC0001348	Modular type I polyketide
BGC0001349	NRP Polyketide
BGC0001350	Polyketide
BGC0001356	RiPP
BGC0001357	Polyketide
BGC0001358	Polyketide
BGC0001360	Polyketide
BGC0001361	Terpene
BGC0001362	Other
BGC0001363	NRP Polyketide
BGC0001364	RiPP
BGC0001365	NRP
BGC0001366	Polyketide
BGC0001367	NRP Polyketide
BGC0001368	NRP
BGC0001369	Polyketide
BGC0001370	NRP
BGC0001371	NRP
BGC0001372	Terpene
BGC0001373	Polyketide
BGC0001374	Other
BGC0001375	Terpene
BGC0001376	Polyketide
BGC0001377	Polyketide
BGC0001378	Polyketide
BGC0001379	NRP
BGC0001380	Saccharide
BGC0001381	Polyketide
BGC0001383	Polyketide
BGC0001384	Polyketide
BGC0001386	Polyketide
BGC0001387	Other
BGC0001388	RiPP
BGC0001389	NRP
BGC0001390	NRP Polyketide
BGC0001391	RiPP
BGC0001392	RiPP
BGC0001393	NRP
BGC0001394	NRP Polyketide
BGC0001395	Other
BGC0001396	Polyketide
BGC0001397	NRP Polyketide
BGC0001399	NRP
BGC0001400	Polyketide
BGC0001402	NRP
BGC0001403	Polyketide
BGC0001404	Polyketide
BGC0001405	Polyketide
BGC0001406	NRP
BGC0001407	RiPP
BGC0001408	Other
BGC0001409	Polyketide
BGC0001410	Saccharide
BGC0001411	Saccharide
BGC0001412	Saccharide
BGC0001413	NRP
BGC0001414	NRP
BGC0001415	NRP
BGC0001416	NRP
BGC0001417	Cyclic depsipeptide Iterative type I polyketide
BGC0001418	Cyclic depsipeptide Iterative type I polyketide
BGC0001419	Cyclic depsipeptide Iterative type I polyketide
BGC0001420	Cyclic depsipeptide Iterative type I polyketide
BGC0001421	Cyclic depsipeptide Iterative type I polyketide
BGC0001422	Cyclic depsipeptide Iterative type I polyketide
BGC0001423	Cyclic depsipeptide Iterative type I polyketide
BGC0001424	Cyclic depsipeptide Iterative type I polyketide
BGC0001425	Cyclic depsipeptide Iterative type I polyketide
BGC0001426	Cyclic depsipeptide Iterative type I polyketide
BGC0001427	Cyclic depsipeptide Iterative type I polyketide
BGC0001428	Cyclic depsipeptide Iterative type I polyketide
BGC0001429	Cyclic depsipeptide Iterative type I polyketide
BGC0001430	Cyclic depsipeptide Iterative type I polyketide
BGC0001431	Cyclic depsipeptide Iterative type I polyketide
BGC0001432	Cyclic depsipeptide Iterative type I polyketide
BGC0001433	Modular type I polyketide
BGC0001434	NRP
BGC0001435	NRP Iterative type I polyketide
BGC0001436	Iterative type I polyketide
BGC0001437	NRP
BGC0001438	Polyketide Hybrid/tailoring saccharide
BGC0001439	Polyketide Hybrid/tailoring saccharide
BGC0001440	Other
BGC0001441	Other
BGC0001442	NRP
BGC0001443	NRP Polyketide
BGC0001444	Other
BGC0001445	NRP Iterative type I polyketide
BGC0001446	Iterative type I polyketide
BGC0001447	Polyketide
BGC0001448	Ca+-dependent lipopeptide
BGC0001449	NRP Alkaloid Iterative type I polyketide
BGC0001451	NRP
BGC0001452	Polyketide
BGC0001453	Other
BGC0001454	Other
BGC0001455	NRP Polyketide
BGC0001456	Terpene
BGC0001457	NRP
BGC0001458	Aminocoumarin
BGC0001459	Glycopeptide
BGC0001460	Glycopeptide
BGC0001461	Glycopeptide
BGC0001462	Glycopeptide
BGC0001463	Other
BGC0001464	Other
BGC0001465	Other
BGC0001467	Cyclic depsipeptide Modular type I polyketide
BGC0001468	tRNA-derived
BGC0001469	NRP
BGC0001470	Trans-AT type I polyketide
BGC0001471	Thiopeptide
BGC0001472	RiPP
BGC0001473	Thiopeptide
BGC0001474	Thiopeptide
BGC0001475	Polyketide
BGC0001476	Nucleoside
BGC0001477	NRP Modular type I polyketide
BGC0001478	Other
BGC0001479	NRP
BGC0001480	Other
BGC0001481	Terpene
BGC0001483	Other
BGC0001484	Other
BGC0001485	Other
BGC0001486	RiPP
BGC0001487	Other
BGC0001488	Other
BGC0001489	Polyketide
BGC0001491	Polyketide
BGC0001492	Polyketide
BGC0001493	RiPP
BGC0001494	RiPP
BGC0001495	Polyketide
BGC0001496	RiPP
BGC0001497	Polyketide
BGC0001498	Other
BGC0001499	Other
BGC0001500	Polyketide
BGC0001501	Alkaloid
BGC0001502	NRP
BGC0001503	Polyketide
BGC0001504	Polyketide
BGC0001505	RiPP
BGC0001506	RiPP
BGC0001507	RiPP
BGC0001508	Polyketide
BGC0001509	NRP
BGC0001510	Other
BGC0001511	Polyketide
BGC0001512	Polyketide
BGC0001513	Polyketide
BGC0001514	Other
BGC0001515	NRP
BGC0001516	NRP
BGC0001517	NRP
BGC0001518	Terpene
BGC0001519	NRP Polyketide
BGC0001520	Polyketide
BGC0001521	NRP
BGC0001522	Polyketide
BGC0001523	Polyketide
BGC0001524	NRP Polyketide
BGC0001525	Other
BGC0001526	Other
BGC0001527	Other
BGC0001528	Terpene
BGC0001529	Alkaloid
BGC0001530	Other
BGC0001531	Other
BGC0001532	NRP
BGC0001533	Polyketide
BGC0001534	Other
BGC0001535	Other
BGC0001536	NRP
BGC0001537	Polyketide
BGC0001538	NRP Polyketide
BGC0001539	RiPP
BGC0001540	Other
BGC0001541	Polyketide
BGC0001542	Polyketide
BGC0001543	Polyketide
BGC0001544	NRP Polyketide
BGC0001545	NRP
BGC0001546	Alkaloid
BGC0001547	Terpene
BGC0001548	RiPP
BGC0001549	RiPP
BGC0001550	RiPP
BGC0001551	RiPP
BGC0001552	RiPP
BGC0001553	NRP Polyketide
BGC0001554	Other
BGC0001555	RiPP
BGC0001556	NRP Polyketide
BGC0001557	Polyketide
BGC0001558	Polyketide
BGC0001559	RiPP
BGC0001560	NRP Polyketide
BGC0001561	NRP
BGC0001562	NRP
BGC0001563	NRP Polyketide
BGC0001564	NRP Polyketide
BGC0001565	NRP
BGC0001566	Polyketide
BGC0001567	NRP
BGC0001568	Polyketide
BGC0001569	NRP
BGC0001570	NRP
BGC0001571	Terpene
BGC0001572	Other
BGC0001573	Alkaloid
BGC0001574	NRP
BGC0001575	NRP
BGC0001576	RiPP
BGC0001577	RiPP
BGC0001578	Polyketide
BGC0001579	Lanthipeptide
BGC0001580	Polyketide
BGC0001582	NRP
BGC0001583	Polyketide
BGC0001584	Polyketide
BGC0001585	Alkaloid
BGC0001586	Saccharide
BGC0001587	Other
BGC0001588	Saccharide
BGC0001589	Saccharide
BGC0001590	Polyketide
BGC0001591	Other
BGC0001592	Other
BGC0001593	NRP
BGC0001594	Alkaloid
BGC0001595	Alkaloid
BGC0001596	Polyketide
BGC0001597	Polyketide
BGC0001598	NRP Polyketide
BGC0001599	NRP
BGC0001600	Polyketide
BGC0001601	RiPP
BGC0001602	RiPP
BGC0001603	Saccharide
BGC0001604	Terpene
BGC0001605	Terpene
BGC0001606	Polyketide
BGC0001607	Other
BGC0001608	NRP
BGC0001609	NRP
BGC0001610	Other
BGC0001611	NRP Polyketide
BGC0001612	Alkaloid
BGC0001614	NRP
BGC0001615	NRP
BGC0001616	NRP Polyketide
BGC0001617	Terpene
BGC0001618	RiPP
BGC0001619	Polyketide
BGC0001620	Polyketide
BGC0001621	NRP
BGC0001622	Polyketide
BGC0001623	NRP Polyketide
BGC0001624	Other
BGC0001625	Polyketide
BGC0001626	Polyketide
BGC0001627	NRP
BGC0001628	NRP
BGC0001630	NRP Polyketide
BGC0001631	NRP Polyketide
BGC0001632	RiPP
BGC0001633	Other
BGC0001634	RiPP
BGC0001635	NRP Polyketide
BGC0001636	NRP
BGC0001637	NRP
BGC0001638	RiPP
BGC0001639	RiPP
BGC0001640	RiPP
BGC0001641	NRP
BGC0001642	Terpene
BGC0001644	Polyketide
BGC0001645	RiPP
BGC0001646	Polyketide
BGC0001647	Polyketide
BGC0001648	Polyketide
BGC0001649	Polyketide
BGC0001650	NRP
BGC0001651	Other
BGC0001652	NRP
BGC0001653	Polyketide
BGC0001654	Saccharide
BGC0001655	RiPP
BGC0001656	Polyketide
BGC0001657	NRP
BGC0001658	Polyketide
BGC0001659	Terpene
BGC0001660	RiPP
BGC0001661	Polyketide
BGC0001662	Polyketide
BGC0001663	Polyketide
BGC0001664	Terpene
BGC0001665	Polyketide
BGC0001666	Polyketide
BGC0001667	NRP Polyketide
BGC0001668	NRP
BGC0001669	RiPP
BGC0001670	Polyketide
BGC0001671	NRP
BGC0001672	NRP
BGC0001673	RiPP
BGC0001674	RiPP
BGC0001675	Polyketide
BGC0001677	Polyketide
BGC0001678	Other
BGC0001679	NRP
BGC0001680	Other
BGC0001681	Other
BGC0001682	Other
BGC0001683	Other
BGC0001684	Other
BGC0001685	Other
BGC0001686	NRP
BGC0001687	Other
BGC0001688	Other
BGC0001690	Polyketide
BGC0001692	NRP
BGC0001693	Polyketide
BGC0001694	Polyketide
BGC0001695	NRP
BGC0001696	RiPP
BGC0001697	Polyketide
BGC0001698	NRP
BGC0001699	Polyketide
BGC0001700	Polyketide
BGC0001701	RiPP
BGC0001702	NRP Polyketide
BGC0001703	Other
BGC0001704	Other
BGC0001705	NRP Polyketide
BGC0001706	Terpene
BGC0001707	RiPP
BGC0001708	Polyketide Terpene
BGC0001709	Polyketide
BGC0001710	NRP
BGC0001711	NRP Polyketide
BGC0001712	Other
BGC0001713	Other
BGC0001715	NRP
BGC0001716	NRP
BGC0001717	Alkaloid
BGC0001718	NRP
BGC0001719	Polyketide
BGC0001720	Polyketide
BGC0001721	NRP
BGC0001722	Polyketide
BGC0001723	Polyketide
BGC0001724	NRP Polyketide
BGC0001725	Other
BGC0001726	NRP Polyketide
BGC0001727	RiPP
BGC0001728	NRP Polyketide
BGC0001729	Polyketide Terpene
BGC0001730	Polyketide
BGC0001731	Other
BGC0001732	Other
BGC0001733	RiPP
BGC0001735	Other
BGC0001736	NRP
BGC0001737	NRP Polyketide
BGC0001738	NRP Polyketide
BGC0001739	Other
BGC0001740	NRP Polyketide
BGC0001741	NRP Polyketide
BGC0001742	Polyketide
BGC0001743	RiPP
BGC0001745	RiPP
BGC0001746	Terpene
BGC0001747	Other
BGC0001748	NRP Polyketide
BGC0001749	Polyketide
BGC0001750	NRP Polyketide
BGC0001751	NRP Polyketide
BGC0001752	NRP
BGC0001753	RiPP
BGC0001754	NRP Polyketide
BGC0001755	Polyketide
BGC0001756	Terpene
BGC0001757	Other
BGC0001758	NRP
BGC0001759	Polyketide
BGC0001760	NRP
BGC0001761	Polyketide
BGC0001762	Alkaloid
BGC0001763	NRP Polyketide
BGC0001764	NRP
BGC0001765	Saccharide
BGC0001766	NRP
BGC0001767	NRP
BGC0001768	NRP
BGC0001769	Polyketide
BGC0001770	Polyketide
BGC0001771	NRP
BGC0001772	Polyketide
BGC0001773	Polyketide
BGC0001774	Other
BGC0001775	Terpene
BGC0001776	Terpene
BGC0001777	Terpene
BGC0001778	Other
BGC0001779	RiPP
BGC0001780	NRP
BGC0001781	RiPP
BGC0001782	Other
BGC0001783	Other
BGC0001784	Polyketide
BGC0001785	Polyketide
BGC0001786	RiPP
BGC0001787	RiPP
BGC0001788	RiPP
BGC0001789	RiPP
BGC0001790	NRP
BGC0001791	NRP
BGC0001792	NRP
BGC0001793	Polyketide
BGC0001794	Polyketide
BGC0001795	Polyketide
BGC0001796	NRP
BGC0001797	RiPP
BGC0001799	Alkaloid
BGC0001800	NRP Polyketide
BGC0001801	NRP
BGC0001802	RiPP
BGC0001803	RiPP
BGC0001804	Polyketide
BGC0001805	NRP
BGC0001806	NRP
BGC0001807	NRP Polyketide
BGC0001808	Other
BGC0001809	Other
BGC0001810	Polyketide
BGC0001811	Terpene
BGC0001812	Polyketide
BGC0001813	NRP
BGC0001814	NRP
BGC0001815	Polyketide
BGC0001816	NRP Polyketide
BGC0001817	Other
BGC0001818	NRP
BGC0001819	Polyketide
BGC0001820	NRP
BGC0001822	NRP
BGC0001823	NRP Polyketide
BGC0001824	NRP
BGC0001825	NRP
BGC0001826	NRP
BGC0001827	Polyketide
BGC0001828	Polyketide
BGC0001829	NRP Polyketide
BGC0001830	Polyketide
BGC0001831	Polyketide
BGC0001833	Lipopeptide
BGC0001835	Polyketide
BGC0001836	Trans-AT type I polyketide
BGC0001837	Polyketide
BGC0001838	NRP
BGC0001839	Terpene
BGC0001840	NRP Polyketide
BGC0001841	NRP
BGC0001842	Lipopeptide
BGC0001843	NRP
BGC0001844	Lipopeptide
BGC0001846	NRP Hybrid/tailoring saccharide
BGC0001847	Other
BGC0001848	Other
BGC0001849	RiPP
BGC0001850	Shikimate-derived
BGC0001851	Type II polyketide Hybrid/tailoring saccharide
BGC0001852	Type II polyketide Hybrid/tailoring saccharide
BGC0001853	Modular type I polyketide NRP
BGC0001854	Iterative type I polyketide
BGC0001856	Modular type I polyketide
BGC0001857	Alkaloid Iterative type I polyketide
BGC0001858	Polyketide
BGC0001859	Phosphonate
BGC0001860	Thiopeptide
BGC0001861	Glycocin
BGC0001862	Glycocin
BGC0001863	Terpene Glycocin
BGC0001864	Glycocin
BGC0001865	Iterative type I polyketide
BGC0001866	Polyketide
BGC0001868	Phenazine
BGC0001870	Other
BGC0001871	NRP
BGC0001872	Polyketide
BGC0001873	Lipopeptide
BGC0001874	NRP Polyketide
BGC0001876	NRP
BGC0001877	Polyketide
BGC0001878	NRP Polyketide
BGC0001881	Iterative type I polyketide NRP
BGC0001882	Polyketide
BGC0001883	Other
BGC0001884	NRP Polyketide
BGC0001885	Polyketide
BGC0001886	Polyketide
BGC0001887	RiPP
BGC0001888	Other
BGC0001889	RiPP
BGC0001890	NRP
BGC0001891	Other
BGC0001892	Polyketide
BGC0001893	Other
BGC0001894	Saccharide
BGC0001895	Polyketide
BGC0001896	Other
BGC0001897	Polyketide
BGC0001898	Terpene
BGC0001899	Polyketide
BGC0001900	NRP
BGC0001901	Polyketide
BGC0001902	NRP Polyketide
BGC0001903	Other
BGC0001904	Polyketide
BGC0001905	Polyketide
BGC0001906	Polyketide
BGC0001907	Polyketide
BGC0001908	Polyketide
BGC0001909	Polyketide
BGC0001910	Terpene
BGC0001911	Terpene
BGC0001912	NRP
BGC0001913	Polyketide
BGC0001914	Other
BGC0001915	Terpene
BGC0001916	Polyketide
BGC0001917	Polyketide
BGC0001918	Polyketide NRP
BGC0001919	NRP Polyketide
BGC0001920	RiPP
BGC0001921	Other
BGC0001922	Polyketide
BGC0001923	Polyketide Terpene
BGC0001924	Terpene
BGC0001925	Alkaloid
BGC0001926	Polyketide
BGC0001927	Other
BGC0001928	Other
BGC0001929	RiPP
BGC0001930	RiPP
BGC0001931	Polyketide
BGC0001932	Polyketide
BGC0001933	RiPP
BGC0001934	Polyketide
BGC0001935	Other
BGC0001936	Terpene
BGC0001937	Other
BGC0001938	Polyketide
BGC0001939	Polyketide
BGC0001940	Polyketide
BGC0001941	Polyketide NRP
BGC0001942	NRP Polyketide
BGC0001943	NRP
BGC0001944	Polyketide
BGC0001945	NRP
BGC0001946	NRP Polyketide
BGC0001947	Saccharide
BGC0001948	Other
BGC0001949	Other
BGC0001950	NRP
BGC0001951	NRP
BGC0001952	NRP
BGC0001953	NRP
BGC0001954	NRP Polyketide
BGC0001955	Other
BGC0001956	Polyketide
BGC0001957	Polyketide
BGC0001958	Other
BGC0001959	Other
BGC0001960	Polyketide
BGC0001961	NRP
BGC0001962	Polyketide
BGC0001963	NRP Polyketide
BGC0001964	Polyketide
BGC0001965	Other
BGC0001966	NRP
BGC0001967	NRP
BGC0001968	NRP
BGC0001969	Terpene
BGC0001970	NRP Polyketide
BGC0001971	NRP Polyketide
BGC0001972	Other
BGC0001973	Other
BGC0001974	Other
BGC0001975	NRP
BGC0001976	Terpene
BGC0001977	Other
BGC0001978	Polyketide NRP
BGC0001979	Polyketide
BGC0001980	NRP
BGC0001982	NRP Polyketide
BGC0001983	Other
BGC0001984	NRP
BGC0001985	Other
BGC0001986	Other
BGC0001987	Polyketide
BGC0001988	Polyketide
BGC0001989	Other
BGC0001990	Other
BGC0001991	Polyketide
BGC0001992	Other
BGC0001993	NRP
BGC0001994	Other
BGC0001995	Terpene
BGC0001996	Other
BGC0001997	Terpene
BGC0001998	Polyketide
BGC0001999	NRP
BGC0002000	Polyketide
BGC0002001	NRP Polyketide
BGC0002002	NRP
BGC0002003	NRP
BGC0002004	RiPP
BGC0002005	RiPP
BGC0002006	RiPP
BGC0002007	Terpene
BGC0002008	Other
BGC0002009	Polyketide
BGC0002010	NRP Polyketide
BGC0002011	Polyketide
BGC0002012	Polyketide
BGC0002013	RiPP
BGC0002014	NRP Polyketide
BGC0002015	RiPP
BGC0002016	Polyketide
BGC0002018	Other
BGC0002019	Terpene
BGC0002020	NRP Saccharide
BGC0002021	Polyketide
BGC0002022	Polyketide
BGC0002023	RiPP
BGC0002024	Polyketide
BGC0002025	NRP
BGC0002026	NRP
BGC0002027	RiPP
BGC0002028	Polyketide
BGC0002029	Other
BGC0002030	Polyketide
BGC0002031	Alkaloid
BGC0002032	Polyketide
BGC0002033	Polyketide
BGC0002034	Other
BGC0002035	NRP Polyketide
BGC0002036	Other
BGC0002045	Type II polyketide
BGC0002055	Trans-AT type I polyketide
BGC0002056	Trans-AT type I polyketide
BGC0002057	Trans-AT type I polyketide
BGC0002090	Modular type I polyketide